<?xml version='1.0' encoding='UTF-8'?>
<!DOCTYPE hibernate-configuration PUBLIC
          "-//Hibernate/Hibernate Configuration DTD 3.0//EN"
          "http://hibernate.sourceforge.net/hibernate-configuration-3.0.dtd">
<hibernate-configuration>
<session-factory>
	<!-- 方言 -->
	<property name="dialect">
		org.hibernate.dialect.MySQLDialect
	</property>
	<!-- 链接地址 -->
	<property name="connection.url">
		jdbc:mysql://localhost:3306
	</property>
	<!-- 数据库user -->
	<property name="connection.username">root</property>
	<!-- 数据库user密码 -->
	<property name="connection.password">root</property>
	<!-- 连接driver -->
	<property name="connection.driver_class">
		com.mysql.jdbc.Driver
	</property>
	<property name="myeclipse.connection.profile">
		com.mysql.jdbc.Driver
	</property>
	<property name="show_sql">true</property>
	<property name="format_sql">true</property>
	<!-- 映射文件 -->
	<mapping resource="com/model/Admin.hbm.xml" />
	<mapping resource="com/model/Book.hbm.xml" />
	<mapping resource="com/model/Firstpage.hbm.xml" />
	<mapping resource="com/model/Ppt.hbm.xml" />
	<mapping resource="com/model/Teacher.hbm.xml" />
	<mapping resource="com/model/User.hbm.xml" />
</session-factory>
</hibernate-configuration>