<?xml version="1.0" encoding="utf-8"?>
<!DOCTYPE hibernate-mapping PUBLIC "-//Hibernate/Hibernate Mapping DTD 3.0//EN"
"http://hibernate.sourceforge.net/hibernate-mapping-3.0.dtd">
<hibernate-mapping>
	<!--映射数据库的user表 -->
    <class name="com.model.User" table="user" catalog="se">
    	<!--映射id属性 -->
        <id name="id" type="java.lang.Integer">
            <column name="id" />
            <generator class="identity" />
        </id>
        <!-- 映射num属性 -->
        <property name="num" type="java.lang.String">
            <column name="num" length="45" />
        </property>
        <!--映射password属性 -->
        <property name="password" type="java.lang.String">
            <column name="password" length="45" />
        </property>
        <!-- 映射name属性-->
        <property name="name" type="java.lang.String">
            <column name="name" length="45" />
        </property>
    </class>
</hibernate-mapping>
